rank,lemma,pos
1,authority,
2,publish,
3,conference,
4,aspect,
5,client,
6,impact,
7,candidate,
8,obtain,
9,repertoire,
10,distribution,
11,afterward,
12,essentially,
13,classroom,
14,regime,
15,cinema,
16,acid,
17,transaction,
18,disadvantage,
19,dynamic,
20,strategic,
21,shortly,
22,contrary,
23,mid,
24,graph,
25,diary,
26,jazz,
27,click,
28,amongst,
29,sophisticate,
30,translation,
31,headquarter,
32,suicide,
33,portfolio,
34,workshop,
35,occupation,
36,consumption,
37,absorb,
38,domain,
39,leisure,
40,lifestyle,
41,tremendous,
42,exit,
43,curriculum,
44,productivity,
45,superior,
46,assembly,
47,incredible,
48,upward,
49,prominent,
50,lifetime,
51,ultimate,
52,missile,
53,utility,
54,exploit,
55,seminar,
56,widespread,
57,emission,
58,integration,
59,bargain,
60,carrier,
61,dominant,
62,cure,
63,par,
64,admission,
65,dose,
66,execute,
67,conscious,
68,junior,
69,consent,
70,vocabulary,
71,punishment,
72,interval,
73,replacement,
74,scenario,
75,outlet,
76,architect,
77,controversy,
78,feedback,
79,render,
80,puzzle,
81,classify,
82,correctly,
83,accent,
84,economist,
85,scatter,
86,transformation,
87,clever,
88,organ,
89,physically,
90,treaty,
91,diverse,
92,alliance,
93,campus,
94,clue,
95,evident,
96,virtue,
97,commonly,
98,observer,
99,destination,
100,apple,
101,entity,
102,facilitate,
103,agriculture,
104,beam,
105,ton,
106,cattle,
107,cheer,
108,induce,
109,indicator,
110,necessity,
111,calculation,
112,drain,
113,audit,
114,consensus,
115,productive,
116,assignment,
117,gross,
118,ex,
119,painful,
120,reinforce,
121,identification,
122,backward,
123,identical,
124,clinic,
125,sin,
126,valid,
127,bonus,
128,collective,
129,hip,
130,proposition,
131,parameter,
132,terminal,
133,interrupt,
134,fiber,
135,precede,
136,drift,
137,expertise,
138,prediction,
139,communist,
140,elite,
141,confine,
142,stimulus,
143,thereby,
144,physician,
145,elaborate,
146,composer,
147,bat,
148,manual,
149,particle,
150,initiate,
151,politically,
152,sperm,
153,logical,
154,dictionary,
155,clip,
156,invasion,
157,fluid,
158,discrimination,
159,coordinate,
160,sensible,
161,fabric,
162,flexibility,
163,spectrum,
164,lung,
165,lab,
166,grasp,
167,rhythm,
168,ritual,
169,namely,
170,realistic,
171,traditionally,
172,intensity,
173,enforcement,
174,pronounce,
175,wisdom,
176,inevitably,
177,simultaneously,
178,interact,
179,blank,
180,tense,
181,strictly,
182,assert,
183,objection,
184,span,
185,execution,
186,continent,
187,civilization,
188,undermine,
189,airplane,
190,comply,
191,kilometer,
192,neat,
193,fraction,
194,effectiveness,
195,ethics,
196,insert,
197,tempt,
198,availability,
199,faculty,
200,depict,
201,clarify,
202,diagnosis,
203,colony,
204,deadline,
205,motive,
206,mineral,
207,readily,
208,correspondence,
209,tribe,
210,statistical,
211,disability,
212,separation,
213,punch,
214,infect,
215,minimize,
216,informal,
217,plug,
218,punish,
219,artificial,
220,strand,
221,adolescent,
222,scholarship,
223,discourse,
224,purely,
225,partial,
226,legitimate,
227,bound,
228,norm,
229,duration,
230,constitution,
231,homework,
232,horizon,
233,allocate,
234,rational,
235,nest,
236,resemble,
237,deliberately,
238,unemployed,
239,psychology,
240,corruption,
241,probe,
242,harvest,
243,outer,
244,recipe,
245,oxygen,
246,cognitive,
247,subtle,
248,merge,
249,slot,
250,legend,
251,interface,
252,comparable,
253,hedge,
254,ridiculous,
255,linguistic,
256,naked,
257,preliminary,
258,similarity,
259,bulk,
260,mall,
261,rub,
262,poster,
263,myth,
264,ghost,
265,pole,
266,separately,
267,discharge,
268,rope,
269,swell,
270,importantly,
271,processor,
272,robot,
273,correlation,
274,manuscript,
275,transmit,
276,molecule,
277,bacteria,
278,sufficiently,
279,stack,
280,nasty,
281,explicit,
282,revolutionary,
283,projection,
284,essence,
285,sensitivity,
286,spray,
287,usage,
288,bang,
289,bullet,
290,progressive,
291,breakdown,
292,consciousness,
293,influential,
294,insect,
295,underneath,
296,interfere,
297,surplus,
298,bundle,
299,accuracy,
300,whoever,
301,accelerate,
302,oral,
303,diagram,
304,defect,
305,bubble,
306,portray,
307,thread,
308,machinery,
309,barrel,
310,array,
311,stance,
312,radiation,
313,competence,
314,reliability,
315,solar,
316,conservation,
317,sometime,
318,injection,
319,freely,
320,specification,
321,wheat,
322,vertical,
323,incredibly,
324,flesh,
325,donor,
326,intervene,
327,tropical,
328,sketch,
329,profound,
330,transmission,
331,meaningful,
332,incline,
333,artistic,
334,crystal,
335,commodity,
336,prejudice,
337,questionnaire,
338,actively,
339,terribly,
340,gut,
341,consultation,
342,auction,
343,republic,
344,mortality,
345,overhead,
346,formally,
347,verbal,
348,ideology,
349,practitioner,
350,minimal,
351,goodness,
352,loop,
353,allocation,
354,mechanical,
355,straightforward,
356,chemistry,
357,obscure,
358,powder,
359,alien,
360,neutral,
361,historically,
362,compensate,
363,accumulate,
364,marker,
365,utilize,
366,surgeon,
367,pulse,
368,embed,
369,bleed,
370,ruler,
371,leaf,
372,partially,
373,aggregate,
374,thesis,
375,monkey,
376,activate,
377,conceive,
378,intensive,
379,overlap,
380,manipulate,
381,skip,
382,orientation,
383,equality,
384,developmental,
385,articulate,
386,ethical,
387,weave,
388,locally,
389,presume,
390,parental,
391,peasant,
392,chronic,
393,flip,
394,sensation,
395,organism,
396,acute,
397,unity,
398,tumor,
399,trait,
400,compact,
401,commentary,
402,configuration,
403,modification,
404,instinct,
405,container,
406,likelihood,
407,conception,
408,biology,
409,metaphor,
410,audio,
411,closure,
412,dilemma,
413,colonial,
414,diagnose,
415,invade,
416,accurately,
417,stereotype,
418,specialty,
419,positively,
420,threshold,
421,systematic,
422,inject,
423,likewise,
424,liver,
425,hormone,
426,thumb,
427,quotation,
428,independently,
429,cheat,
430,super,
431,individually,
432,reproduce,
433,immune,
434,sphere,
435,clay,
436,dictate,
437,nucleus,
438,noisy,
439,slavery,
440,justification,
441,symbolic,
442,broadly,
443,adjacent,
444,specimen,
445,behavioral,
446,ancestor,
447,hierarchy,
448,electron,
449,rhetoric,
450,mathematical,
451,snake,
452,classification,
453,arrow,
454,comparative,
455,matrix,
456,empirical,
457,socially,
458,calcium,
459,migration,
460,vein,
461,correction,
462,vitamin,
463,adaptation,
464,tutor,
465,grid,
466,magnetic,
467,monetary,
468,complement,
469,crude,
470,fever,
471,explicitly,
472,vague,
473,credibility,
474,non,
475,differentiate,
476,rack,
477,psychologist,
478,noble,
479,conceptual,
480,lump,
481,limb,
482,autonomy,
483,membrane,
484,realm,
485,definite,
486,elementary,
487,overview,
488,dense,
489,dissolve,
490,magnitude,
491,adverse,
492,sustainable,
493,diameter,
494,rejection,
495,circulate,
496,shallow,
497,semantic,
498,indirect,
499,emergence,
500,circulation,
501,maximize,
502,layout,
503,competent,
504,damp,
505,occurrence,
506,marble,
507,momentum,
508,simplify,
509,syndrome,
510,complication,
511,supposedly,
512,molecular,
513,marginal,
514,philosophical,
515,goat,
516,forum,
517,capitalism,
518,tolerance,
519,habitat,
520,elevate,
521,viable,
522,maternal,
523,linear,
524,halfway,
525,bizarre,
526,atom,
527,impulse,
528,pardon,
529,inclusion,
530,toxic,
531,methodology,
532,validity,
533,illusion,
534,globalization,
535,pathway,
536,unify,
537,swap,
538,gravity,
539,incidence,
540,dependence,
541,cue,
542,athletic,
543,continuity,
544,economically,
545,mechanic,
546,horizontal,
547,ray,
548,sword,
549,aesthetic,
550,disturbance,
551,irrelevant,
552,contradiction,
553,orient,
554,monopoly,
555,protocol,
556,primitive,
557,minus,
558,philosopher,
559,inhibit,
560,hydrogen,
561,multiply,
562,dioxide,
563,parcel,
564,offspring,
565,technically,
566,prey,
567,valve,
568,shuttle,
569,simulation,
570,whereby,
571,standardize,
572,integral,
573,decay,
574,nicely,
575,inequality,
576,predominantly,
577,artifact,
578,selective,
579,bucket,
580,stripe,
581,utterance,
582,problematic,
583,liable,
584,cord,
585,denote,
586,morality,
587,static,
588,axis,
589,dialect,
590,fringe,
591,textbook,
592,unintelligible,
593,antibody,
594,bracket,
595,spontaneous,
596,fundamentally,
597,fusion,
598,correlate,
599,onset,
600,sniff,
601,retrieve,
602,sexuality,
603,sub,
604,aluminum,
605,critique,
606,epidemic,
607,syllable,
608,trauma,
609,comprehension,
610,chromosome,
611,transplant,
612,paradigm,
613,interestingly,
614,stabilize,
615,bilingual,
616,intermediate,
617,enzyme,
618,node,
619,nonetheless,
620,constrain,
621,analogy,
622,capitalist,
623,tech,
624,equilibrium,
625,fossil,
626,implicit,
627,undergraduate,
628,quantitative,
629,variant,
630,planner,
631,subjective,
632,indigenous,
633,pragmatic,
634,vowel,
635,basin,
636,composite,
637,differential,
638,kidney,
639,rotate,
640,generalize,
641,mentor,
642,rewrite,
643,antibiotic,
644,peripheral,
645,coherent,
646,reservoir,
647,rotation,
648,psychiatric,
649,chess,
650,mobility,
651,reproduction,
652,gauge,
653,multinational,
654,velocity,
655,optimal,
656,physics,
657,coordination,
658,chunk,
659,directive,
660,tricky,
661,manipulation,
662,dominance,
663,derivative,
664,predator,
665,replicate,
666,fertility,
667,nutrient,
668,evolutionary,
669,enormously,
670,grammatical,
671,footnote,
672,fatigue,
673,receptor,
674,incumbent,
675,diagnostic,
676,instability,
677,dye,
678,infinite,
679,synthesis,
680,reactor,
681,mediate,
682,radar,
683,detection,
684,degrade,
685,plantation,
686,trivial,
687,partition,
688,arbitrary,
689,algorithm,
690,approximate,
691,inferior,
692,plausible,
693,lexical,
694,optical,
695,triangle,
696,quiz,
697,corpus,
698,migrate,
699,polar,
700,spatial,
701,tract,
702,reconstruct,
703,industrialize,
704,singular,
705,simulate,
706,slash,
707,contradict,
708,cylinder,
709,mutation,
710,deficiency,
711,ion,
712,atomic,
713,unstable,
714,ecological,
715,rainfall,
716,fracture,
717,convergence,
718,sodium,
719,niche,
720,media,
721,neuron,
722,variance,
723,progression,
724,surgical,
725,formulation,
726,trajectory,
727,nationalism,
728,residue,
729,calculator,
730,photographic,
731,dilute,
732,residual,
733,vegetation,
734,synthetic,
735,vector,
736,onwards,
737,affirm,
738,resistant,
739,cone,
740,finite,
741,lecturer,
742,altitude,
743,differentiation,
744,periodic,
745,susceptible,
746,socialize,
747,transparency,
748,applause,
749,emit,
750,realism,
751,lever,
752,numerical,
753,theorist,
754,emperor,
755,whichever,
756,deviation,
757,accumulation,
758,liter,
759,nominal,
760,qualitative,
761,deceive,
762,prevalence,
763,critically,
764,statistically,
765,nitrogen,
766,sponsorship,
767,messenger,
768,elimination,
769,characterization,
770,pre,
771,interviewer,
772,paradox,
773,elevation,
774,erase,
775,contour,
776,randomly,
777,substitution,
778,converge,
779,archaeology,
780,coefficient,
781,induction,
782,conserve,
783,thermal,
784,regression,
785,quantum,
786,variability,
787,plural,
788,rehabilitation,
789,thickness,
790,clone,
791,slab,
792,encode,
793,pest,
794,fungus,
795,respiratory,
796,urine,
797,terminology,
798,infectious,
799,contradictory,
800,inference,
801,generalization,
802,pesticide,
803,computation,
804,absorption,
805,transcription,
806,estimation,
807,conditional,
808,biologist,
809,appendix,
810,discrete,
811,temporal,
812,indifference,
813,genetically,
814,domination,
815,scroll,
816,demonstrator,
817,subset,
818,syntax,
819,inhibition,
820,bodily,
821,consonant,
822,physiological,
823,sediment,
824,fin,
825,motif,
826,linguistics,
827,radius,
828,algebra,
829,fetal,
830,syntactic,
831,gradient,
832,approximation,
833,acceleration,
834,hawk,
835,bacterial,
836,chemotherapy,
837,lateral,
838,adaptive,
839,communicative,
840,friction,
841,binary,
842,gram,
843,delta,
844,notation,
845,dissertation,
846,genetics,
847,wavelength,
848,diffusion,
849,cortex,
850,facet,
851,semester,
852,invert,
853,anthropology,
854,ecology,
855,precipitate,
856,theorem,
857,mole,
858,neural,
859,phonological,
860,irrigation,
861,pi,
862,amino,
863,turbulent,
864,solvent,
865,yeast,
866,innate,
867,metabolism,
868,mercury,
869,artwork,
870,longitudinal,
871,hepatitis,
872,transcribe,
873,calculus,
874,coronary,
875,confound,
876,optimum,
877,portrayal,
878,memorize,
879,initiation,
880,novice,
881,sensory,
882,phenomenal,
883,substrate,
884,reactive,
885,censor,
886,antiquity,
887,industrialization,
888,rationality,
889,uplift,
890,displacement,
891,subtract,
892,phosphate,
893,elastic,
894,anti,
895,locus,
896,morphology,
897,postgraduate,
898,entrant,
899,marrow,
900,abdominal,
901,flux,
902,potassium,
903,primer,
904,precipitation,
905,connotation,
906,amplitude,
907,proton,
908,replication,
909,sneeze,
910,infinity,
911,inversion,
912,scripture,
913,denominator,
914,secrete,
915,chloride,
916,semi,
917,connector,
918,millimeter,
919,elasticity,
920,exponential,
921,morphological,
922,null,
923,micro,
924,soluble,
925,syllabus,
926,handout,
927,watershed,
928,trans,
929,axiom,
930,randomize,
931,equivalence,
932,comma,
933,dimensional,
934,oscillation,
935,parenthesis,
936,circa,
937,biodiversity,
938,nonlinear,
939,capillary,
940,acidic,
941,epidemiology,
942,aerosol,
943,cyclic,
944,multi,
945,dissection,
946,herbicide,
947,helix,
948,splice,
949,oxidize,
950,volition,
951,descriptor,
952,deflection,
953,solute,
954,conduction,
955,congruent,
956,descendent,
957,neo,
958,goods,
959,factorial,
